label,labelName,sound,origin
1,aeroplane,1-aeroplane.mp3,24796:plane sound
2,bicycle,2-bicycle.mp3,218298 & 131990: chain and bell
3,bird,3-bird.mp3,416529: bird cry
4,boat,4-boat.mp3,441223 & 510899: water and horn
5,bottle,5-bottle.mp3,533163: disposing bottle
6,bus,6-bus.mp3,428180:passing and air break
7,car,7-car.mp3,553259 & 461679: passing car and horn
8,cat,8-cat.mp3, cat purring and meowing
9,chair,9-chair.mp3,533499 & 42112
10,cow,10-cow,58277: moving chair and sit
11,diningtable,11-diningtable.mp3,380692: placing dish on table
12,dog,12-dog.mp3,511319 & 498394: dog barking and panting
13,horse,13-horse.mp3,61605 & 418428: horse snoring and neighing
14,motorbike,14-motorbike.mp3,151451: motor passing
15,person,15-person.mp3,256552: person attention whistle
16,pottedplant,16-pottedplant.mp3,322007 & 367350 & 371712: pot, plant and watering
17,sheep,17-sheep.mp3,321967 & 136296: sheep bleat and bell
18,sofa,18-sofa.mp3,397847: leather sofa sit-down
19,train,19-train.mp3,166086: train whistle
20,tv-20-tv.mp3,468539: tv news generic